response,paper_symbol,fitted_coefficient,paper_coefficient,delta,absolute_delta,rounding_tolerance,within_rounding_tolerance,note
etch_rate,b0,0.4344159090909091,0.434,0.00041590909090910566,0.00041590909090910566,0.0015,True,
etch_rate,b1,0.05270833333333325,0.052,0.0007083333333332553,0.0007083333333332553,0.0015,True,
etch_rate,b2,0.010208333333333248,0.01,0.00020833333333324794,0.00020833333333324794,0.0015,True,
etch_rate,b3,-0.00437499999999995,0.004,-0.00837499999999995,0.00837499999999995,0.0015,False,전사 적합과 논문 부호 불일치
etch_rate,b4,-0.03395833333333328,-0.043,0.009041666666666719,0.009041666666666719,0.0015,False,
etch_rate,b5,0.14672499999999977,0.147,-0.0002750000000002195,0.0002750000000002195,0.0015,True,
etch_rate,b11,-0.014415909090909076,-0.014,-0.00041590909090907617,0.00041590909090907617,0.0015,True,
etch_rate,b22,-0.01691590909090916,-0.017,8.409090909084274e-05,8.409090909084274e-05,0.0015,True,
etch_rate,b33,-0.015665909090909053,-0.016,0.00033409090909094705,0.00033409090909094705,0.0015,True,
etch_rate,b44,-0.026915909090909053,-0.027,8.409090909094682e-05,8.409090909094682e-05,0.0015,True,
etch_rate,b55,-0.029815909090909115,-0.03,0.00018409090909088377,0.00018409090909088377,0.0015,True,
etch_rate,b12,0.0028125000000000008,0.003,-0.0001874999999999993,0.0001874999999999993,0.0015,True,
etch_rate,b13,-0.0078124999999999644,-0.008,0.00018750000000003573,0.00018750000000003573,0.0015,True,
etch_rate,b14,-0.015937499999999983,-0.016,6.25000000000174e-05,6.25000000000174e-05,0.0015,True,
etch_rate,b15,0.03468749999999997,0.035,-0.00031250000000003497,0.00031250000000003497,0.0015,True,
etch_rate,b23,0.028437500000000025,0.028,0.0004375000000000247,0.0004375000000000247,0.0015,True,
etch_rate,b24,-0.007187499999999975,-0.007,-0.000187499999999975,0.000187499999999975,0.0015,True,
etch_rate,b25,0.01843749999999995,0.018,0.0004374999999999518,0.0004374999999999518,0.0015,True,
etch_rate,b34,0.02218750000000005,0.022,0.0001875000000000522,0.0001875000000000522,0.0015,True,
etch_rate,b35,-0.023437499999999983,-0.023,-0.00043749999999998304,0.00043749999999998304,0.0015,True,
etch_rate,b45,0.027187499999999906,0.027,0.0001874999999999065,0.0001874999999999065,0.0015,True,
selectivity,b0,9.338636363636367,9.34,-0.001363636363633347,0.001363636363633347,0.015,True,
selectivity,b1,2.341666666666668,2.34,0.0016666666666682595,0.0016666666666682595,0.015,True,
selectivity,b2,-0.3583333333333346,-0.36,0.0016666666666653729,0.0016666666666653729,0.015,True,
selectivity,b3,0.14166666666666547,-0.14,0.2816666666666655,0.2816666666666655,0.015,False,전사 적합과 논문 부호 불일치
selectivity,b4,2.9000000000000004,2.9,4.440892098500626e-16,4.440892098500626e-16,0.015,True,
selectivity,b5,-1.7166666666666643,-1.72,0.0033333333333356308,0.0033333333333356308,0.015,True,
selectivity,b11,-0.05113636363636633,-0.05,-0.001136363636366329,0.001136363636366329,0.015,True,
selectivity,b22,-0.01363636363636469,-0.01,-0.00363636363636469,0.00363636363636469,0.015,True,
selectivity,b33,-0.0636363636363643,-0.06,-0.003636363636364298,0.003636363636364298,0.015,True,
selectivity,b44,1.048863636363635,1.05,-0.0011363636363650453,0.0011363636363650453,0.015,True,
selectivity,b55,-0.4386363636363636,-0.44,0.0013636363636364002,0.0013636363636364002,0.015,True,
selectivity,b12,-0.8999999999999994,-0.9,6.661338147750939e-16,6.661338147750939e-16,0.015,True,
selectivity,b13,0.5999999999999998,0.6,-2.220446049250313e-16,2.220446049250313e-16,0.015,True,
selectivity,b14,0.6500000000000004,0.65,3.3306690738754696e-16,3.3306690738754696e-16,0.015,True,
selectivity,b15,-1.1125000000000012,-1.11,-0.002500000000001057,0.002500000000001057,0.015,True,
selectivity,b23,0.16250000000000084,0.16,0.002500000000000835,0.002500000000000835,0.015,True,
selectivity,b24,-1.3375000000000001,-1.34,0.0024999999999999467,0.0024999999999999467,0.015,True,
selectivity,b25,1.6999999999999988,1.7,-1.1102230246251565e-15,1.1102230246251565e-15,0.015,True,
selectivity,b34,1.2874999999999994,1.29,-0.002500000000000613,0.002500000000000613,0.015,True,
selectivity,b35,-1.1500000000000006,-1.15,-6.661338147750939e-16,6.661338147750939e-16,0.015,True,
selectivity,b45,-1.9250000000000003,-1.93,0.004999999999999671,0.004999999999999671,0.015,True,
anisotropy,b0,0.9665227272727274,0.969,-0.002477272727272606,0.002477272727272606,0.0015,False,
anisotropy,b1,-0.0464166666666667,-0.066,0.0195833333333333,0.0195833333333333,0.0015,False,
anisotropy,b2,0.0791666666666667,0.079,0.00016666666666670382,0.00016666666666670382,0.0015,True,
anisotropy,b3,0.001000000000000049,0.004,-0.002999999999999951,0.002999999999999951,0.0015,False,
anisotropy,b4,-0.015000000000000046,0.008,-0.023000000000000048,0.023000000000000048,0.0015,False,
anisotropy,b5,-0.03300000000000008,-0.043,0.009999999999999919,0.009999999999999919,0.0015,False,
anisotropy,b11,-0.05014772727272726,-0.04,-0.01014772727272726,0.01014772727272726,0.0015,False,
anisotropy,b22,-0.007772727272727436,-0.013,0.005227272727272563,0.005227272727272563,0.0015,False,
anisotropy,b33,-0.0255227272727273,-0.023,-0.0025227272727273015,0.0025227272727273015,0.0015,False,
anisotropy,b44,-0.049772727272727246,-0.035,-0.014772727272727243,0.014772727272727243,0.0015,False,
anisotropy,b55,-0.05152272727272721,-0.056,0.004477272727272788,0.004477272727272788,0.0015,False,
anisotropy,b12,0.028750000000000046,0.029,-0.0002499999999999551,0.0002499999999999551,0.0015,True,
anisotropy,b13,0.0037499999999999903,0.004,-0.00025000000000000976,0.00025000000000000976,0.0015,True,
anisotropy,b14,-0.024499999999999977,-0.039,0.014500000000000023,0.014500000000000023,0.0015,False,
anisotropy,b15,0.04324999999999999,0.058,-0.014750000000000013,0.014750000000000013,0.0015,False,
anisotropy,b23,0.039500000000000014,0.054,-0.014499999999999985,0.014499999999999985,0.0015,False,
anisotropy,b24,-0.01624999999999999,-0.016,-0.0002499999999999898,0.0002499999999999898,0.0015,True,
anisotropy,b25,0.035,0.035,0.0,0.0,0.0015,True,
anisotropy,b34,-0.01874999999999999,-0.019,0.00025000000000001063,0.00025000000000001063,0.0015,True,
anisotropy,b35,0.02749999999999995,0.028,-0.000500000000000049,0.000500000000000049,0.0015,True,
anisotropy,b45,0.021749999999999967,0.008,0.013749999999999967,0.013749999999999967,0.0015,False,
bias_voltage,b0,86.53409090909095,87.0,-0.46590909090905086,0.46590909090905086,0.75,True,
bias_voltage,b1,-65.37499999999999,-65.0,-0.3749999999999858,0.3749999999999858,0.75,True,
bias_voltage,b2,10.625000000000023,11.0,-0.3749999999999769,0.3749999999999769,0.75,True,
bias_voltage,b3,7.124999999999949,7.0,0.12499999999994937,0.12499999999994937,0.75,True,
bias_voltage,b4,-102.37500000000003,-102.0,-0.3750000000000284,0.3750000000000284,0.75,True,
bias_voltage,b5,88.79166666666669,89.0,-0.20833333333331439,0.20833333333331439,0.75,True,
bias_voltage,b11,29.465909090909122,29.0,0.4659090909091219,0.4659090909091219,0.75,True,
bias_voltage,b22,-0.9090909090908043,-1.0,0.09090909090919574,0.09090909090919574,0.75,True,
bias_voltage,b33,1.9659090909090609,2.0,-0.03409090909093915,0.03409090909093915,0.75,True,
bias_voltage,b44,38.21590909090909,38.0,0.2159090909090935,0.2159090909090935,0.75,True,
bias_voltage,b55,25.215909090909022,25.0,0.21590909090902244,0.21590909090902244,0.75,True,
bias_voltage,b12,-5.93749999999998,-6.0,0.06250000000002043,0.06250000000002043,0.75,True,
bias_voltage,b13,4.437500000000049,4.0,0.43750000000004885,0.43750000000004885,0.75,True,
bias_voltage,b14,22.937500000000043,23.0,-0.06249999999995737,0.06249999999995737,0.75,True,
bias_voltage,b15,-13.812499999999979,-14.0,0.18750000000002132,0.18750000000002132,0.75,True,
bias_voltage,b23,-16.937499999999996,-17.0,0.06250000000000355,0.06250000000000355,0.75,True,
bias_voltage,b24,1.5624999999999891,2.0,-0.4375000000000109,0.4375000000000109,0.75,True,
bias_voltage,b25,4.812499999999983,5.0,-0.18750000000001688,0.18750000000001688,0.75,True,
bias_voltage,b34,-6.562499999999972,7.0,-13.562499999999972,13.562499999999972,0.75,False,전사 적합과 논문 부호 불일치
bias_voltage,b35,-2.562500000000003,-3.0,0.4374999999999969,0.4374999999999969,0.75,True,
bias_voltage,b45,-46.062500000000014,-46.0,-0.06250000000001421,0.06250000000001421,0.75,True,
